Ich bin nach 1945 geboren folgedessen geht mir alles am Arsch vorbei was vor dieser Zeit geschehen ist. Ich fÃ¼hle mich nicht schuldig und werde es auch niemals tun. Auch werde ich mir niemals eine Mitschuld einreden lassen nur weil ich Deutscher bin.	offense	profanity	none
So hat es in Schweden auch begonnen. Mit Burka ist man auf jedenfall sicherer als in 90ies Outfit. Das waren noch Zeiten.	offense	abuse	none
Wenn die FlugzeugfÃ¼hrer Angst haben vor Migranten, mÃ¼ssen die Herrschaften eben in Handschellen abgeschoben werden. Wo sind wir denn?	none	none	none
Vor der Wahl u. nach der Wahl ğŸ˜‚ğŸ˜‚ğŸ˜‚ Merkel wÃ¼rde beweisen, ES GEHT NOCH SCHLIMMER, denn irre bleibt irre ğŸ˜œ	offense	insult	none
Noch nix von Neusprech und political correctness gehÃ¶rt? Linke zeigen einen an und mobben einen aus der Gesellschaft, wenn man unbequeme Wahrheiten benennt. Man ist ein Hetzer... Im alten Testament nannte man solche Leute Propheten	none	none	none
ja das ist was Kinder so aufem kindergartenspielplatz so anstellen und daraus ist der glaube der Moslems endstanden.	offense	abuse	none
Ich frage mich warum Mein Kampf aber nicht der kleine Terroristenratgeber KORAN verboten war !?!?	offense	abuse	none
Schickt diese ISIS-Schlampe nach Syrien!âœˆï¸	offense	abuse	sexism
Ich mÃ¶chte nicht wissen, wann die Jungs das letzte Mal oder Ã¼berhaupt mal irgendwas mit wir sind stolz auf Euch gehÃ¶rt haben.WÃ¤hrend Ihr Euch nÃ¤mlich den A..im Ausland aufreisst,feiern die FachkrÃ¤fte hier stÃ¤ndig #Koeln.Wir denken an Euch. #timeforchange #AfD	offense	profanity	none
Auf die BewÃ¤hrung schei.......ss ich!	offense	profanity	none
Eine Entschuldigung wÃ¼rde RÃ¼ckgrat voraussetzen...in einem derart linksgestrickten und realtÃ¤tverzerrtem Klima nicht mehr oft zu finden...	offense	abuse	none
Hallo Freunde Absurdistan hat mich wieder. Gerade mit `nem Geschenk fÃ¼r Murksel aus PL zurÃ¼ck. Ein Kopftuch fÃ¼r die Zweitfrau des SultansğŸ˜œ	offense	abuse	sexism
BILD Lasst die ISIS-Schlampe wo sie ist.Ein GefÃ¤hrder weniger.	offense	abuse	sexism
Sind selbst Schuld die Dummen Girlies die unbedingt Modell werden wollen,	offense	insult	sexism
Den hÃ¤tte ich absaufen lassen!	offense	abuse	none
Diese Jugendlichen sind die Politiker der islamischen Parteien von morgen. Das Gedankengut wurd seine FrÃ¼chte tragen. Steht auf Leute!!!	offense	abuse	none
Freundchen, studiere die Weltgeschichte mal etwas genauer. In jenen LÃ¤ndern, in denen Vollverschleierung (nur fÃ¼r Frauen) Pflicht ist, gab!!!! Es einst Kultur und #Vielfalt. Vor!!!!! der #Islamisierung. Bevor du jetzt meckerst, geh bitte Frauen im Iran vor Steinigung retten!	offense	abuse	sexism
#Halbneger ( also zum GlÃ¼ck nicht ganzer) und ein gerÃ¼gter Mitarbeiter - Wieviel Relativismus und Abgestumpftheit, bezahlt vom Steuerzahler, bedarf es eigentlich noch, um klar zu werden, das was nicht stimmt in unserem Land ?! Unâ€™ welche Revolution nomaâ€˜ ?	offense	profanity	none
Unsere Gedanken sind heute Abend bei den Opfern vom #Breitscheidplatz und ihren Familien. #Israel steht an der Seite Deutschlands. #Berlin	none	none	none
Ich suche eine bezahlbare Wohnung fÃ¼r eine junge Familie mit 2Kindern. Ist unmÃ¶glich da alle von Asylanten beansprucht werden und unser Staat auch Mieten ,wie hoch sie sein mÃ¶gen,von unseren Steuern bezahlt !	offense	abuse	none
gut. dann macht jetzt in der eu jeder was er will... solange es ihre linie ist, finden sie das bestimmt prima.	none	none	none
..wurdest Du Luder Du nicht mit Rede.-und Schreibverbot belegt ..? Berlin Berlin....Migranten Ã¼berall...im Rathaus und auf StraÃŸen...ne richtige Kanackenstadt geworden..oder heiÃŸt es Kanackenstaat..	offense	abuse	sexism
Machtgerangel in Deutschland, zum Kotz**, nur nicht auf den Gedanken kommen fÃ¼r das Dem Deutschen Volke zu wirken, Willkommen im Schland ğŸ˜œ	offense	profanity	none
An alle Pferde Hunde Katzen KÃ¼he usw....ihr seid voll im Arsch...!	offense	profanity	none
Deutsche Medien, Halbwahrheiten und einseitige Betrachtung, wie bei allen vom Staat finanzierten billigen Propagandainstitutionen ğŸ˜œ	offense	abuse	none
Laut Infos des Bayrischen FlÃ¼chtlingsrats geht der nÃ¤chste Abschiebungsflug aller Voraussicht nach am 27.3. von MÃœNCHEN nach #Afghanistan.	none	none	none
Bin wieder zu Hause in meinem Mecklenburg - in Szczecin meinte man, Murksel bekam heute die Aufmerksamkeit in Washington, die sie verdient ğŸ˜œ	offense	insult	none
Einem Kind GerÃ¤usche zu verbieten sei etwa so unmÃ¶glich, wie einem Afrikaner seine Hautfarbe zu verbieten. Harald Martenstein	none	none	none
Wenn das schon alle behaupten....wieso ist die alte noch immer auf freiem FuÃŸ...?	offense	insult	sexism
Sie wissen aber, um welche Zahlen es sich da dreht?	none	none	none
Weil sich mit den Heulsusen niemand fotografieren lÃ¤sst, sind die traurig...ğŸ˜‚ğŸ˜‚ğŸ˜‚	none	none	none
Wo kriegen die nur ihr Slogans ihre SchlagwÃ¶rter her...? ğŸ˜‚ğŸ˜‚ğŸ˜‚ğŸ˜‚ğŸ˜‚	none	none	none
Das meiste geht eh wieder fÃ¼r die Asylanten drauf ğŸ¤®	offense	abuse	none
Das ist eine Moslem-Schlampe , die es hoffentlich noch bereuen wird .Ich habe kein Mitleid nur Schadenfreude!	offense	abuse	sexism
Der Luther wird sich im Grabe rumdrehen!	none	none	none
Yoh. Vorauseilender Gehorsam, der eigentlich nichts anderes ist als Angst, welche aus dem Wissen resultiert, es mit einem unberechenbaren BÃ¶sewicht zu tun zu haben. Konfrontation und klare Kante wie die Ã–sis kriegen die Deutschen nicht mehr hin... Kastriertes Dummvolk	offense	insult	none
Da der Islam im Grunde eine Rassistische Ideologie ist kann sie kein Theologe sein. Eher eine verwirrte Deutsche die sich gerne Lumpen auf den Kopf legt und sich Sharia gemÃ¤ÃŸ gern von ihrem Mann falsch vorhanden verprÃ¼geln lÃ¤sst.	offense	abuse	sexism
RAUS MIT DIESEN IRREN AUS DEM BUNDESTAG, sollen ihre Konfettischwulenparaden woanders feiern, am besten in TÃ¼rkei bei Ã–zdingens !	offense	abuse	none
Ist doch wahr, denn dieses dicke Etwas bekommt kaum zwei zusammenhÃ¤ngenden SÃ¤tze heraus und von sinnvoll rede ich garnicht erst ğŸ˜œ	offense	abuse	none
UrsprÃ¼nglich (gestern) ging es um FEMA-Camps - wir sind keinen Schritt weiter. Da platzt einem der Arsch - sorry.	offense	profanity	none
Der in der â€Man kann gegen die viel sagen, aber sie organisiert selbst den Auszug aus der Regierungsbildung immer noch professioneller als die ihren allmÃ¤hlichen Einzug.â€œ	none	none	none
Jede verdammte Einsatzbesprechung vor Schichtantritt ist eine verdammte Interne Anweisung und ich meine I A =Ã¤hnlich Schreiben! LÃ¼ge??nÃ¶!!	offense	profanity	none
Kahane, Extremismus-Expertin??? ğŸ˜‚ğŸ˜‚ğŸ˜‚ Hinterlistig schnÃ¼ffeln, wie ein TrÃ¼ffelschwein trifft`s eher ğŸ˜œ	offense	insult	none
Mit Europa im Zentrum meinen die PolitğŸ¤¡ wohl die verrottete, korrupte #EU	offense	insult	none
ğŸ˜‚ğŸ˜‚ğŸ˜‚ Phantomschmerz (fehlende Eier) und Machtgeilheit zwangen heute erneut den Bayern-Horsti ohne Vaseline in den Ar*** der Kanzlerette ğŸ˜œ	offense	insult	sexism
Dummes GeschwÃ¤tz von Kern. Er ist fÃ¼r LÃ¶sungen. Bin ich auch. UnfÃ¤hige Nulltipper davonjagen. Die Wahlen kommen.	offense	abuse	none
Die ganze Welt schÃ¼ttelt den Kopf oder lacht uns aus und dieses dumme Weib, Merkel, macht fleiÃŸig weiter !	offense	insult	sexism
Warum verÃ¶ffentlicht ihr keine Bilder von linken Anarchisten?Die gibt es zuhauf!Aber ihr seit nur ein UnterstÃ¼tzer dieser Horden!	offense	abuse	none
Es gibt bei uns keine Pressefreiheit mehr. Wir sind eine Bananenrepublik wie Simbabwe!	offense	abuse	none
Der Unterschied zwischen Udo JÃ¼rgens und Conchita zeigt wie sehr sich Europa in 4 Jahrzehnte gewandelt hat. Lebt damit!	none	none	none
Weil es kleine fotzen.sind Kamerad!!	offense	insult	sexism
Schwach ist,wer sich nicht um Land u Volk kÃ¼mmert,dann Ã¼bernahmen schon immer andere die Macht,das beweist d. gesamte MenschheitsgeschichteğŸ˜œ	none	none	none
Was haben deutsche mit dem Islam zu tun??	none	none	none
Lese gerade bei Akif das die komische Ich auch-Debatte noch lÃ¤uft !! Meine LebensgefÃ¤hrtin sagte das es auffallend sei das die Frauen die jetzt die Klappe aufreiÃŸen erst ab einem bestimmten Karrieregrad nun meinen das sie die Scheere nicht aufmachen wollten! Soviel dazu!	offense	abuse	sexism
Mit GrÃ¼nen VerrÃ¼ckten kann man nicht diskutieren!!!!	offense	abuse	none
FÃ¼r den zensierten Scheiss auch noch mehr bezahlen? So eine UnverschÃ¤mtheit.Freie Senderwahl ich bezahl nur die Sender die ich sehen will.	offense	profanity	none
Wir werden auf Jahre hin verseucht.....dieses Unkraut, auch dieses in den eigenen Reihen, kriegen wir nie wieder los...!!	offense	abuse	none
Ich habe mal getrÃ¤umt,ja ein Albtraum, ich wÃ¤re der SED-Stasi-Trulla auf Ohrfeigenabstand nahe gekommen und mit jedem Watschen wurde sie hÃ¤ÃŸlicher und gruseliger. Erst als ich die Faust einsetzte bekam ihre Horrorfratze die SchÃ¶nheit die sie verdient !	offense	abuse	sexism
Vasallen schweigt und kriecht weiter, was ihr ja schon seit Jahren macht!	offense	insult	none
Heilige FÃ„KALIEN, da lÃ¤uft gerade Anne Will(schÃ¶n sein) auf 3SAT!Keine Ahnung ob Wiederholung oder so,iss auch egal ! NUR SO EINEN HAUFEN GEMEINSCHMUTZIGER DUMMHEIT HAB ich selten gesehen ! Spiegelt voll den ZUSTAND DEUTSCHLANDS ! BÃ–SER TRUMP, SUPER MUSLIME !	offense	abuse	sexism
Hallo, war einige Tage in PL, bin gerade zurÃ¼ck u. muss erst all die positiven EindrÃ¼cke verarbeitenğŸ˜œHorsti u. Murksel, ein Thema in PL ğŸ˜‚ğŸ˜‚ğŸ˜‚	offense	insult	none
Der beste Beweis dafÃ¼r das man auch ohne Hirn aufrecht stehen kann....das ist unterirdisch das ist eines Politiker unwÃ¼rdig Wie kann diese Frau nur so dumm und dÃ¤mlich sein...??	offense	abuse	sexism
Infotweet: Antifaschisten sind alle vernachlÃ¤ssigte Scheidungskinder	offense	insult	none
Sag mal glaubt ihr allen Ernstes die Kacke dieser sogenannten Umfragen, mal ehrlich??	offense	profanity	none
Kleinstaat Tschechei lÃ¤ÃŸt keine Moslems in Land. Die #EU schon. Also lieber Kleinstaat der Interessen seiner BÃ¼rger vertritt	none	none	none
ich habe geschrieben Zwang GEZ und Inhalte ARD ZDF sind zu kritisieren	none	none	none
....die lÃ¤cherliste Person seit es die Linken gibt. Mit einem Maulkorb fÃ¼r Katja wÃ¤re es ruhiger um die Linken und zudem wÃ¤re sie dann attraktiver...!	offense	abuse	sexism
Verdammt nochmal, Ihr Italiener. SchlieÃŸt endlich Eure HÃ¤fen fÃ¼r ShuttleschiffeWir brauchen keine illegalen Einwanderer.	offense	profanity	none
Von der Leyen soll sich endlich um ihre Kinder kÃ¼mmern. Ab an den Herd. In ihrem Job absolut unfÃ¤hig.	offense	abuse	sexism
Tja, entweder hat frÃ¼her gelogen und sich verstellt, oder er war nie anders - mich langweilt der ScheiÃŸ enorm. Ich guck gleich zu meinen Nicht-Deutschen Followern - das ist interessant und aufbauend.	offense	profanity	none
...worauf du einen lassen kannst....ich war Gestern dein Feind bin es heute und werde es auch in Zukunft sein..! Wir brauchen ganz sicher etwas....aber dich nicht...!!	offense	profanity	none
Habt ihr schon in ErwÃ¤gung gezogen das die Wahlen nur reine Verarsche sind, seit 1949 sind immer die gleichen VolksverrÃ¤ter dran, wie blÃ¶d kann man sein und das nicht irgendwann zu durchschauen â€¼ï¸	offense	abuse	none
Mal sehen...wenn ich jetzt schreiben wÃ¼rde mann soll FlÃ¼chtlinge wÃ¼rgen dann werde ich bestimmt gesperrt..?	offense	abuse	none
Ich schlage vor jedem Abgeordneten im Bundestag den Koran zur Pflicht LektÃ¼re werden zu lassen. 90%kennen ihn gar nicht.	none	none	none
Frankreich werden 10 GOLDENE JAHRE vorhergesagt ! Kein Wunder, Matschbirne Schulz will ja unser Geld verschenken! Der dumme DEUTSCHE macht das ja ! Langsam bekomme ich MagengeschwÃ¼re und weiÃŸ nicht mehr wohin mit meiner WUT !	offense	insult	none
SelbstverstÃ¤ndlich. Fett gepamperte Zugpferde sÃ¤mtlicher arabischer Islamlobbys. Wenn diese am Ziel sind, werden die Damen unter das Kopftuch entsorgt	offense	abuse	sexism
Die setzt statt auf Aus Bildung und Berufserfahrung auf Qoutenweiber. #Sozenversenken	offense	insult	sexism
Tja wenn man kooperiert und Mitstreiter verrÃ¤t,gibts als Belohnung Freispruch!	none	none	none
Hab gerade ein paar Ausschnitte dusselige Will geschaut lol ! Klasse Weidel , die BlÃ¶dmÃ¤nner gehen wie Besenbinder aufeinander los !ğŸ‘ğŸ»ğŸ‘ğŸ»ğŸ‘ğŸ»ğŸ‘ğŸ»	offense	insult	none
Wir hatten keine Probleme in der Truppe. Es gab keine Frauen in der Truppe, und das war gut so.	offense	abuse	sexism
#illner Das SÃ¶der nun auf #AfD Programm macht und die Wahrheit ausspricht,welche nur bei der AfD rassistisch und polemisch,bei SÃ¶der aber bÃ¼rgernahe Erkenntnis ist,scheint #87Prozent Ã¼berhaupt nicht zu stÃ¶ren. Ja...so sind sie.Die Heuchler und Doppelmoraler.	offense	insult	none
#Mobbing an Schulen setzt sich jetzt in der Politik fort Altparteien sprechen alle nicht mit der #AfD sondern nur abfÃ¤llig(Nazi) Ã¼ber sie	offense	profanity	none
Schon ein Wahnsinn....obwohl nichtmal 1/3 der BevÃ¶lkerung sie gewÃ¤hlt hat darf sie trotzdem weiter regieren. Ist zum kotzen!	offense	profanity	none
Es reicht wenn sie lÃ¤chelt, wirkt zwar nicht intelligenter ist aber angenehmen fÃ¼r die drumrum ....!	offense	insult	sexism
Sie kÃ¶nnen gelassen auf jeden Polit-Idioten warten, der auch einen Krieg nur in ErwÃ¤gung zieht ğŸ˜œ	offense	insult	none
G20 ist geplante Verarschung von #Merkel Die Gewaltexzesse sichern ihren nÃ¤chsten Wahlsieg AuÃŸer Spesen nix gewesen	offense	insult	none
Weil diese Antifantenbrut nicht ihre Gesichter zeigt! Solche Linksversifften Menschen gehÃ¶ren nicht auf die StraÃŸe sondern .... *zensiert*!	offense	abuse	none
Solange solch Polit-Pfeifen, wie Murksel u. ihre Muschpoke bestimmen, was RECHTS ist, lÃ¤uft mir das am Ars** vorbei - dieses verlogene PackğŸ˜œ	offense	abuse	none
Eine Frage die sich jeder stellt.	none	none	none
damit ihnen alle nach dem mund quatschen? stimmt, dann wirds bestimmt besser... #ironie off aber gut, hatten wir ja alles schon mal ğŸ§	none	none	none
Oh Gott, sehe gerade Laschet in den n-tv Nachrichten, ich glaube ich muss ko***, mir ist schlecht ğŸ¤¢ğŸ¤¢ğŸ¤¢	offense	insult	none
melde dich doch, ich war noch da ğŸ˜	none	none	none
Aber ein Bildausschnitt reicht, um Mio WÃ¤hler zu Ã¼berzeugen &gt; bewusste Manipulation der Leser dieser LÃ¼genpresse ğŸ˜œ	offense	abuse	none
KÃ¶nntet ihr mich bitte aus dem Thread rausnehmen, das KlugscheiÃŸern von Ao und dessen oberlehrerhaften Bevormundungen gehen einem langsam auf den Sack. Danke	offense	insult	none
Bin 1947 geboren und habe mit diesem ganzen ScheiÃŸ nichts am Hut! Basta!	offense	profanity	none
Genau...und wir haben zu viele ArschlÃ¶cher..!	offense	profanity	none
Es ist zum Kotzen, seit Tagen!	offense	profanity	none
Keine Strafen fÃ¼r tÃ¼rkische DoppelstaatsbÃ¼rger. Sofortige Aberkennung der Ã¶sterr. StaatsbÃ¼rgerschaft, und ab damit ins Sultanat.	offense	abuse	none
FrÃ¼her...schon viel frÃ¼her... Schade das die Verantwortlichen bis dahin schon abgekratzt sind....frÃ¼her wÃ¤re besser	offense	profanity	none
Kann man diesen ganzen ScheiÃŸ noch glauben..?	offense	profanity	none
Ein weiterer Grund, den ich hÃ¤ufig erlebe, ist, dass es zu wenig MÃ¤nner (richtige MÃ¤nner ğŸ˜‰) im Schuldienst gibt. Erfolgreicher Unterricht ist vor allem auch Identifikation. MÃ¤dchen lieben mich, Jungen rebellieren...	offense	insult	sexism
Kann dir keine direkt Nachrichten senden wasn los???	none	none	none
ZF Erdowahn und seine Koran und Sharia Treue Gemeinde sind die schlimmsten Rassisten. Wir haben dem Islam heute den Krieg erklÃ¤rt. Wir haben diese Spinner 800Jahre gewarnt. Jetzt ist Schluss mit Lustig. ++ Deus Vult +++	offense	abuse	none
Wenn Trump der neue Hitler ist, Was ist dann Clinton?? Clinton Der Antichrist !!!!	offense	abuse	none
Wacht endlich auf, denkt an die Zukunft eurer Kinder. Oder mÃ¶chtet ihr eure TÃ¶chter mit Kopftuch und mit 12 verheiratet sehen? Ich nicht, darum wÃ¤hle ich AFD! #illner	offense	abuse	sexism
Abnehmen hat sich nicht gelohnt...fett weg Hirn weg...!	offense	abuse	none
An Merkel, Gauck, Flintenuschi &amp; Co: Wer Krieg predigt, ist des Teufels Feldprediger (altes Deutsches Sprichwort) ğŸ˜œ	offense	insult	sexism
Ja das ist das Ergebnis wenn blinde auf taube treffen....und das die nÃ¤chsten 4 Jahre...holly shit	offense	insult	none
Pure Verzweiflung ğŸ˜‚ğŸ˜‚ğŸ˜‚ das wÃ¼rde sich nicht einmal ein Nafri antun, nehmen eher zur Not `ne Ziege ğŸ˜‚ğŸ˜‚ğŸ˜‚	offense	abuse	none
Einweisen ...dafÃ¼r gibtâ€™s die geschlossenen... Und den der diese alte hÃ¼bsch findet oder gar erotisch....ebenfalls..! ....im Land ihresgleichen bestimmt der Renner...ğŸ˜ƒğŸ˜ƒ	offense	abuse	sexism
Flintenuschi kam heute in der Berliner GedÃ¤chtniskirche groÃŸ raus ğŸ˜‚ğŸ˜‚ğŸ˜‚ wo sie doch ihre Kriege u. ihre SÃ¶ldner so liebt. ğŸ˜‚ğŸ˜‚ğŸ˜‚	offense	insult	sexism
Dieses Schwein darf nicht abgeschoben werden...noch nicht...der soll erst seine Strafe absitzen und deutscher Knast ist kein Urlaub. DafÃ¼r bezahle ich gerne extra...!	offense	insult	none
BeitrittserklÃ¤rungen nimmt zukÃ¼nftig #Pfarrer/#Pfarrerin entgegen; Zustimmung #Kirchenvorstand nicht notwendig #altkatholisch #aksynode16	none	none	none
Wer schÃ¼tzt eigentlich psychisch Kranke Menschen vor pauschalen Vorurteilen?	none	none	none
Heute wird â€œUnwort des Jahresâ€ bekanntgegeben. Wie wÃ¤rs mit â€Fresseâ€œ, â€Kackeâ€œ oder â€BÃ¤tschiâ€? ğŸ˜‚	offense	profanity	none
Leute regt euch nicht auf....negative Berichte haben eine positive Wirkung....AfD bleibt und wird stÃ¤rker Wie sagte die komische Kuh von den GrÃ¼nen...und ich freu mich darauf....ğŸ˜‚ğŸ˜‚	offense	insult	none
Es nervt tierisch. Bitte lÃ¶scht die doch mal - die klauen euch die Zeit und sind resistent gegen alles, vor allem Bildung. Kruzifixnochmal!	none	none	none
Es ist eindeutig und unmissverstÃ¤ndlich.....unsere humanitÃ¤re Haltung ist falsch naiv und dumm, vollkommen im Arsch.	offense	profanity	none
Und was haben wir Deutsche fÃ¼r Rechte ?Wir sind die Leidtragenden im Buntland!	offense	abuse	none
Merkel hat soviel Ahnung vom Auto, wie die berÃ¼hmte Kuh vom Sonntag!	offense	insult	none
Das ist vollkommen richtig und kann nur so diesen Irrsinn WirtschaftsflÃ¼chtlinge stoppen!	offense	abuse	none
OMG.....was fÃ¼r eine ekelhaft hÃ¤ÃŸliche Frau..dieses Gesicht nur auf dem Boden einer MÃ¼lltonne zu gebrauchen...!	offense	insult	sexism
Dass wir diese ganzen IS-KÃ¤mpfer haben ist ausschlieÃŸlich die Schuld der Amerikaner. Scheinheiliges Volk.	offense	insult	none
Auf allen Sendern wieder ein einseitiges und vÃ¶llig verfÃ¤lschtes Geschichtsbild (Bsp. ntv) &gt; zum KOT*** ğŸ¤¢	offense	profanity	none
Weiterhin: Die telefonische Beratung ist nur ein Teil unserer Arbeit. Die gibt es schon seit Jahrzehnten. Was heiÃŸt das? Auch fÃ¼r den Bestand dieses Angebots ist die Zahl der FlÃ¼chtlinge irrelevant.	none	none	none
Stimmt aber dazu ist er zu blÃ¶de.	offense	insult	none
n-tv: Startschwierigkeiten bei Antiterror-Ãœbung &gt; Ich: Wenn Dilettanten unter Flintenuschis Obhut schon Krieg spielen! ğŸ˜‚ğŸ˜‚ğŸ˜‚	offense	insult	sexism
Sie sind ein SteuerbetrÃ¼ger und haben die einzige demokratische Partei Deutschlands AfD, nicht zu beleidigen! Bald sind Sie verschwunden!	offense	insult	none
Die SPD ist heute so Ã¼berflÃ¼ssig wie die Haare an meinen Arsch. Die neue Volkspartei ist die AFD. #illner	offense	profanity	none
Es ist und bleibt was es ist....illegal..! Gebt Ihnen was zu essen was zu trinken...und statt die gleiche beschwerliche RÃ¼ckreise einen angenehmen RÃ¼ckflug..!	none	none	none
Wir machen dies Frau bis zur Wahl im September fertig!! Zeigen wir der Welt wer diese VolksverrÃ¤terin wirklich ist!!	offense	abuse	none
Was ist jetzt der Vorwurf an mich?	none	none	none
Mich besorgt das SÃ¤belrasseln gegen RU. Ich kenne das russ. MilitÃ¤r v. 1974-1988 sehr gut u. glauben Sie, d. NATO ist KEIN Gegner.	none	none	none
Salvatore, siehst Du nicht, wer da aus Afrika kommt? Wenn Du diese rÃ¼cksichtslosen Invasoren willst, dann fÃ¼ttere sie selbst, und sitz.	offense	abuse	none
Italien will anderen Staaten illegal Eingereiste aufzwingen anstatt sie zurÃ¼ckzuschicken. Sie haben kein Recht auf Asyl, verdammt.	offense	profanity	none
FamilienrÃ¼ckfÃ¼hrung statt Familiennachzug....das wÃ¤re das einzig logische vernÃ¼nftige und anstÃ¤ndige. Alles andere ist Menschendiebstahl...!	offense	abuse	none
FrÃ¼her war in der Bronx sicherer als heute in DE	none	none	none
Wenn Merkel die Geschichte d. USA kennen wÃ¼rde, wÃ¼sste sie, dass d. USA kein Interesse an einem starken Europa mit einer Kanzlerette haben ğŸ˜œ	none	none	sexism
MERKEL MUÃŸ WEG !! UND DAS SCHNELL UND RÃœCKSTANDSLOS !! DIESER GRÃ–ÃŸENWAHNSINNIGE ALKOHOLIKER SCHULZ DARF HIER NICHTS ZU SAGEN HABEN, AUÃŸER IN DER GESCHLOSENEN! DAS DARF DOCH ALLES NICHT WAHR SEIN !	offense	abuse	none
Im Grunde ist es fast psychopathisch, wie Trump stÃ¤ndig Ã¼berprÃ¼ft wird. Habt ihr SÃ¤cke auch schon seinen Stuhlgang Ã¼berprÃ¼ft?	offense	insult	none
Dortmund:Leipzig Die groÃŸmÃ¤uligen Dortmunder werden von Leipzig hergespielt. GroÃŸartig!	offense	insult	none
FÃ¼r Kinderfickerei gibt es keine HÃ¤rtefÃ¤lle Hier gelten Deutsche Gesetze und sonst nichts!	offense	profanity	none
33 bis 45 habe ich noch gar nicht gelebt und es geht mir am Arsch vorbei was in dieser Zeit geschehen ist. Ich lebe im heute und jetzt und nicht in der Vergangenheit.	offense	profanity	none
Das ist mir scheiss-egal Hauptsache sie scheiden aus ,bin 60er Fan!!!!!!!!!	offense	profanity	none
Bei wem haben die die Umfrage gemacht, euch kann man jeden ScheiÃŸ erzÃ¤hlen ihr glaubt einfach alles was die Systemmedien euch weiÃŸ machen	offense	profanity	none
FÃ¼r d Schweinejournalisten Pack von ARD u ZDF ist es Hetze wenn man d tatsÃ¤chlichen ZustÃ¤nde in diesem Merkeltollhaus anprangert Jetzt AFD	offense	abuse	none
Die Caritativen Einrichtungen sind mir jetzt sowas von scheissegal! Habe Austritt aus der Kirch beantragt.!!!!!!!!	offense	profanity	none
MEIN GOTT ! WAS HAT DIE SED-TRULLA MIT HILFE VON LINKEN U-BOOTEN AUS DEUTSCHLAND GEMACHT !?!? DAS DAS DAS DURFTE !!	offense	abuse	sexism
Wer AndersglÃ¤ubig oder Immigrant ist erhÃ¤lt dafÃ¼r BewÃ¤hrung bei harten Straftaten! LÃ„UFT DOCH IN D!	offense	abuse	none
Die TÃ¼rken dringen hier ein und wollen uns ihre Art zu leben aufzwingen. Und beschimpfen unsere entscheidungsunfÃ¤higen Weicheier als Nazis.	offense	abuse	none
Wenn Hacker die Bundestagswahl beeinflussen sollen, ist Merkel die LeithÃ¤ckerin &gt; sie hackt sich den Stuhl unter`m gewaltigen Arsch weg ğŸ˜‚ğŸ˜‚ğŸ˜‚	offense	insult	sexism
Achja ... und steckt euch euren - in Wahrheit RASSISTISCHEN - #diversity-ScheiÃŸdreck sonstwohin ...	offense	profanity	none
Antrag 29 wird an die Rechtskommission Ã¼berwiesen - #aksynode16	none	none	none
Die Linke ist auch eine Nachfolger Partei der SED abschaffen? Auf jedenfalls eher als den 1.Mai.	none	none	none
RÃ¼stungsausgaben NATO ca. 900 Milliarden, Russland ca. 66 Milliarden. Welchem Idioten wollen die Berliner Hirne einreden, RU sei aggressiv ğŸ˜œ	offense	profanity	none
Danke, dass ihr verlinkt habt. Allerdings haben 286 Menschen vermittelt und nicht 80!	none	none	none
Irgend ein Idiot hat sich Ã¼ber die â€Feuerzangenbowle â€ aufgeregt weil dieser Film wÃ¤hrend der Nazizeit gedreht wurde.Was. Ist mit den Bestsellers wie â€Emil und die Detektive â€ PÃ¼nktchen und Anton â€oder â€das fliegende Klassenzimmer â€von Erich KÃ¤stner.	offense	profanity	none
Streit um FlÃ¼chtlings-Obergrenze - So kÃ¶nnten CDU und CSU ihr Gesicht wahren ğŸ˜œ Wenn eine hÃ¤ssliche Fratze gemeint ist, geht`s ğŸ˜œ	offense	insult	none
Eine dumme Labertasche dieser ...	offense	insult	none
Die hÃ¤tte man frÃ¼her als Hexe verbrannt.	offense	abuse	sexism
Gummigeschosse auf die Birnen von marodierenden Demonstranten. Dann werden sie fliehen und die Ã„rsche retten wollen.	offense	abuse	none
Wenn der Islam in Europa wirklich eines Tages die Ãœberhand gewinnt, dann werden die linksgrÃ¼nen Bahnhofsklatscher die ersten sein die ihre KÃ¶pfe verlieren. Denn auch der Islam hasst VerrÃ¤ter.	offense	abuse	none
Netanyahu als durchgeknallter FÃ¼hrer &amp; Israel brutale UnterdrÃ¼ckung vorwerfen. Wie konnte das passieren? Wer ist verantwortlich?	none	none	none
Deutschlands Zukunft wird am Hindukusch entschieden #SPD Zitat Das stimmt. Wir haben dort verloren. Jetzt fluten die Afganen nach Deutschland und zerstÃ¶ren es von innen.	offense	abuse	none
Einheimische hassen ihr eigenes Volk und wÃ¼rden alles fÃ¼r fremde tun das gibt es nur in Deutschland	offense	abuse	none
Sippenhaftung. Alles, was mit Islamismus zu tun hat -- aus Europa davonjagen---.Sofort. Wie damals die TÃ¼rken im 17. Jh. vor Wien.	offense	abuse	none
wenn sie das so sehen, ist das ihr problem. mir jedenfalls geht es nicht ums vorfÃ¼hren.... stellen sie sich eine person im studio vor, die sie sehr kritisch sehen. da wollen sie dann doch auch, dass wir ordentlich nachfragen. die gegenseite einnehmen. oder nicht?	none	none	none
Wenn die GrÃ¼nen Stinktiere in Deutschland verschwinden im September, wird Deutschlands Luft enorm besser werden!	offense	abuse	none
Die CDU und andere Parteien sind ein verlogener Haufen Politiker die sich die Taschen auf Steuerzahlers Kosten voll machen! ğŸ˜¨	offense	abuse	none
Wir werden Ã¼berall benachteiligt. Viele MÃ¼tter in Leipzig suchen seit Jahren KindergartenplÃ¤tze. Die Neuhinzugekommenen aus Arabien kriegen ihn hinterhergeworfen. Vong Integration wegen...	none	none	none
Warum kehren denn die schieÃŸe TÃ¼rken nicht ins ihr Land zurÃ¼ck?	offense	abuse	none
Das Thema Klima ist bei den GrÃ¼nen allzeit beliebt...frÃ¼her sprachen sie sogar von einer Klimakatastrophe...ğŸ˜‚ Viel Ahnung von nichts..!	none	none	none
Wenn du sicher gehen mÃ¶chtest dass sich keine Frau von dir sexistisch behandelt fÃ¼hlt, dann spricht doch einfach mit keiner mehr. #MeToo	offense	abuse	sexism
Der â€Beamteâ€œ , du meinst einen bewaffneten Uniformierten von der Firma mit der Wortmarke POLIZEI â€¼ï¸	none	none	none
Alles zu maskulinistisch!! Die Kinder brauchen mehr #Genderwahn. Der Fladen muss also eine VaginaMÃ¼tze und ein BallettTutu tragen. Ãœber der Burka, selbstverstÃ¤ndlich.	offense	abuse	sexism
Hab gerade N24 am laufen und glaube die Alte,also die Sprecherin, hat den TÃœRKENdÃ¶ner als DEUTSCHES NATIONALGERICHT bezeichnet !! Ja wo gibts denn sowas? Ich kenne keine DEUTSCHE Pommesbude die diesen Moslemtoast verkauft ! MEINE FRESSE geht hier ein ScheiÃŸ ab !	offense	abuse	sexism
Bald haben wir in Berlin Einen Imam als BÃ¼rgermeister.RRG haben abgewirtschaftet .Am besten wÃ¤re es wenn wir eine Mauer um Berlin ziehen,um das Pack mitsamt der Meck-Pomm Schlampe zu isolieren ,aber bitte keine Care-Paketflieger schicken!	offense	abuse	sexism
Wenn ich die gesamten deutschfeindlichen Labereien von Oppermann, Stegner usw. hier auffÃ¼hren wÃ¼rde, knallte der Server durch!	offense	insult	none
ğŸ˜‚ğŸ˜‚ Wie die SPD ler bei Erdogan und anderen Terror TÃ¼rken	offense	abuse	none
EU und dieses Schland mischen sich wieder MIT VERLOGENEN DARSTELLUNGEN in die Innenpolitik Polens ein &gt; DAS GEHT IHNEN EINEN SCHEISSDRECK AN	offense	profanity	none
Hab ich auch nicht verstanden :-)	none	none	none
Ich weiÃŸ zwar nicht, was Altmaier heute wieder geraucht hat, aber es wird im mÃ¶gl. Konflikt keine GEWINNER mehr geben ğŸ˜œ	offense	insult	none
Du weiÃŸt doch, ich kann nicht anders ğŸ˜œ	none	none	none
Zum #Iran sich ausschweigen, aber #Israel, die einzige #Demokratie in der #Levante, einen Apartheidstaat nennen, ist purer #Antisemitismus! Die #SPD hat ja anscheinend einige Kandidaten, wie #Schulz, #Gabriel &amp; #Steinmeier. Eine #GroKo 2.0 Regierung wird #Deutschland schaden!	none	none	none
Beinah hÃ¤tten Sie recht: 3021 wÃ¤r das Datum, wenn Rot-Rot-GrÃ¼n demnÃ¤chst regieren wÃ¼rde! :-)	none	none	none
Deutsche Rentner mÃ¼ssen Flaschen sammeln und die GrÃ¼nen labern was von Klimaschutz.	offense	profanity	none
Und wenn schon, weiÃŸ doch jeder halbwegs schlaue was gemeint ist ! Gammatikfehlersuche ist eigentlich ein linkes Ding!	none	none	none
Die ganze Welt mutiert zum Kindergarten. Trump hat ein Shithole Shithole genannt. Jetzt dÃ¼rfen alle Shithole Bewohner -anstatt das Shithole aufzurÃ¤umen - beleidigt alle StÃ¼hle umschmeissen, Flaggen verbrennen und WeiÃŸe abschlachten.	offense	profanity	none
Vielmehr - Liebe passiert manchmal einfach. Sie fragt nicht: Wer bist du und wie definierst du dich? Sie geschieht.	none	none	none
Bei Familienfragen kennt sich die Alte bestens aus... Wenn wir schon familienfreundlich handeln wollen gibt es bessere LÃ¶sungen: Keine Einreise fÃ¼r Alleinstehende..!	offense	insult	sexism
Der erste Satz von Kurz schon symptomatisch bezeichnend, das merkelsche EinhornschloÃŸ enlarvend: nun, wir wuÃŸten schon ziemlich frÃ¼h, wohin die Reise geht #Maischberger	offense	insult	none
Wir brauchen dringend einen RESET der MsM und des Grundschulsystems ohne diese verfluchten Handsockenpuppen schwingenden Ã–koAntifaFeministinnen ! DRINGLICHST !!	offense	insult	sexism
Ich werde Opa. Es gibt sogar noch schÃ¶ne Dinge im Leben!!!!	none	none	none
Schickt unsere Verdeidigungsministerin als Stangengirl zur Truppenbetreuung an die Front ,aber selbst dort wird sie Versagen.Eine Verteidigungsministerin ist Ein Hohn an die Truppe.Rommel wache auf!	offense	insult	sexism
Weihnachten ade....es war einmal . Dieses zu bereinigen wÃ¤re immer noch mÃ¶glich...doch wir tun es nicht, wir nehmen es einfach hin. Wir werden von dummen schwachen naiven regiert...und die haben soviele Helfershelfer.	offense	insult	none
Mach ma weiter so #gabriel macht scheinbar alles fÃ¼r den #erdogan . #fckerdogan #ErdoganTheButcher #erdoganistderhass	offense	insult	none
Also wenn die TÃ¼rken bei euch so kacke sind kann ich auch nix machen ğŸ˜‚	offense	profanity	none
Der Typ hat sich mit etlichen hier angelegt, hat inhaltlich nichts zu bieten - nur KlugscheiÃŸern. Eigenes hat er auch nicht zu bieten - dafÃ¼r reicht sein Intellekt nicht.	offense	insult	none
Hey Leute, wir haben so lange die Warzentusse ertragen...das mit dem KleinwÃ¼chsigem kriegen wir auch hin...	offense	insult	sexism
Stimmt....aber KÃ¶ln ist nicht minder zu bemitleiden ğŸ˜ƒğŸ˜ƒ	none	none	none
Die Diskussionen zwischen #Augstein &amp; #Blome spiegeln wunderbar die dekadente geistige VerblÃ¶dung der politischen Presse wieder	offense	insult	none
Dummheit ist in Deutschland seit Stasi-Merkel, weit verbreitet! Ãœbrigens das war sie bei Adolf ebenso und wir wissen alle wohin das fÃ¼hrte!	offense	abuse	none
KÃ¼mmert die einen feuchten D....	offense	profanity	none
Die Kanackenweiber sind die schlimmsten....	offense	abuse	sexism
Wenn das zustande kommt mÃ¼ÃŸte es eigentlich jeder merken das wir Ã¼bergangen werden....! Das ist keine Volksentscheidung ...das ist nicht WÃ¤hlerwille ..!! Verfluchte Scheisse...ğŸ˜¡ğŸ˜¡	offense	profanity	none
Die bayerische Labertrumpe ist wieder am Werk! Wenn Merkel sich rÃ¤uspert, ist wieder Ruhe im DuckmÃ¤user-Staat!	offense	insult	none
Deswegen unterstÃ¼tzen Sie auch Kinderehen?! Kotz!	offense	profanity	none
Kotz deine Propaganda wo anders aus. Hier bist du falsch.	offense	insult	none
Eine Partei in der #AfD-Mitglieder SS-Verbrecher verherrlichen (#Magdeburg), #Holocaust-Leugner relativieren (#HÃ¶cke Ã¼ber #Havermann), oder lupenreinen #Antisemitismus verbreiten (#Gedeon ist weiter Mitglied) kann keine Partei fÃ¼r uns #Juden sein. Die #LuegenAfD ist abzulehnen!	offense	insult	none
Warum hÃ¶rt ihr denen noch zu, was habt ihr von ProfilÃ¼gnern erwartet â‰ï¸	offense	insult	none
Da die Kirche jeher den Herrschenden in den Arsch gekrochen ist, inkl. Hitler, wundert es mich nicht ğŸ˜œ	offense	profanity	none
Es gibt so unendlich viele Vollspacken, da hilft kein Arzt mehr! ğŸ˜‰ğŸ‘	offense	profanity	none
Wie lange wollt ihr uns eigentlich noch verarschen? #illner	offense	profanity	none
Mensch, Kauder mÃ¼sste sich doch bepissen vor lachen, wenn er Ã¼ber diese LÃ¼ge nachdenkt ğŸ˜‚ğŸ˜‚ğŸ˜‚	offense	profanity	none
Warum berichtet ihr dann nicht Ã¼ber Merkel!!! An Verbrechen gibt es da ja wohl genug!!	offense	abuse	none
Hetze, Wahlbeeinflussung in den USA u. GB, DAS IST DIESES SCHEISSLAND!!! Ach so, aber der Putin ist ja SCHULD ğŸ˜‚ğŸ˜‚ğŸ˜‚	offense	profanity	none
Moin, Hat schon einer gemerkt das die ganzen Syrer wieder gehen kÃ¶nnen ??? Auch die hyperpigmentierten Schwarzafrikanischen SYRER kÃ¶nnen auch wieder nach Hause ! Da die Politik das nicht propagiert kann man wohl von gewollten Austausch reden !	offense	abuse	none
Die Linken Gender- und meetooidioten die du in den Staaten kennst, natÃ¼rlich nicht.	offense	insult	none
Allein die Stimme der ZDF-Slomka bringt mich alten Mann zum ko***, ganz abgesehen von ihren hirnlosen Kommentaren &gt; unterste Schublade ğŸ˜œ	offense	insult	sexism
Wieviel Wasser ist im Kopf von	offense	insult	none
Es gibt nur ein Maas das ist ein MittelmaÃŸ und heiÃŸt auch so	offense	insult	none
Selbst die LÃ¼ge, das es keinen Anstieg der KriminalitÃ¤t in Altena gibt ist mit wenigen klicks im Netz wiederlegbar	none	none	none
Ohne #Alkohol gÃ¤be es keinen #Alkoholismus Ohne #Islam gÃ¤be es keinen #Islamismus Beides muss weg	offense	abuse	none
GrÃ¼ne gehÃ¶ren einfach nicht in Regierungs Verantwortung. Schon gar nicht diese Ost Schabracke	offense	insult	sexism
Hilfe...@zeitonline treibt wieder ihr Unwesen... Da sind schon Schmierfinke am Werke...glaubt tatsÃ¤chlich noch jemand diesen Unfug...?	offense	insult	none
Hatte schon Angst das ich ab jetzt nur noch an den Baum oder in die Hecke pissen darf.	offense	profanity	none
Ja. Da fehlen dir noch 2. Und die mÃ¼ssen nicht im Kreis w..retweeten, sondern hinausziehen zu den Barbaren und ihnen das Evangelium predigen. Also z.B zu den Mullahs, die gerade eine Frau steinigen, weil ihr Kopftuch verrutscht ist.	offense	abuse	sexism
Einerseits:einen ScheiÃŸ MÃœSSEN wir. Andererseits:ausser permanent darauf hinweisen, nerven, die Ã–ffentlichkeit immer wieder mit der Nase in die Wunde stoÃŸen-was bleibt uns?	offense	profanity	none
PÃ¼nktlich zum Wahlkampfauftakt ziehen sich unsere politi. Raubtiere Berlins d. Lammfell Ã¼ber, um weitere Jahre im gleichen Trott zu agierenğŸ˜œ	offense	insult	none
Aus dem Seelenleben von A: Wir haben die Wahl zwischen Sch... und groÃŸer Sch.... B: Noch schlimmer. #spdbpt17Ù	offense	profanity	none
Blind ist die Meck-Pomm Schlampe auch noch!	offense	abuse	sexism
...Schade da ist mir jemand mit dem Wunsch Blitze beim scheissen zuvor.... Ralle du hast nicht viele Freunde....und es werden immer weniger....ğŸ˜ƒğŸ˜ƒ	offense	profanity	none
Das ist zum einen falsch, 2016 waren nur rd. 44% d. Asylbewerber*innen MÃ¤nner Ã¼18, zum anderen hat es gute GrÃ¼nde, warum oftmals ein (das stÃ¤rkste) Familienmitglied zuerst flieht. SchÃ¤men sollten sich, folgt man ihrer Argumentation, dann eher die, die Familiennachzug ablehnen.	none	none	sexism
Hmmm. Wenn ich es richtig sehe, bestreitet niemand das Problem einer LÃ¼cke bei gesicherter KapazitÃ¤t in den 20ern... CL	none	none	none
Und wieso wurde dieses etwas nicht Zwangsverheiratet...?	offense	abuse	sexism
Raub Mord Vergewaltigung muss gesÃ¼hnt werden...egal in welchem Land...Abschiebung erst nachdem diese Schweine ihre Strafe absitzen...!	offense	insult	none
Lachnummern, wie Papagei Tauber sind gut fÃ¼r`s Wahlergebnis. Merkel steht auf Leute oh. eigene Meinung u. mit NICHTS zw. d. Ohren ğŸ˜œ	offense	insult	none
Jetzt melden sich die Vasallen Merkels!	offense	insult	none
Schiebt die Linken direkt mit ab! ğŸ‘ ğŸ˜‚ğŸ˜‚ğŸ˜‚ğŸ˜‚	offense	abuse	none
Schreibt besser mal Ã¼ber die Asylanten Verbrechen ,dass wird bei euch totgeschwiegen!	offense	abuse	none
Gabriel ist widerlich und unverantwortlich. Wird Zeit, dass er schnellstens verschwindet	offense	insult	none
Kompliment, dass Sie fÃ¼r mehr E-mobility arbeiten! Ich werbe seit 5 Jahren dafÃ¼r. Brauchen E-Cars fÃ¼r StÃ¤dte!	none	none	none
Wer fÃ¼r das Recht und die Gerechtigkeit unter den VÃ¶lkern demonstriert und gleichsam zu Gewalt gegen Juden aufruft, der ist klar zu verurteilen, der hat sein Recht auf Demonstration verwirkt und handelt im Widerspruch zum Recht - Islam ist antirassitisch #Jerusalem	none	none	none
Gottseidank lachen viele Deutsche schon lange Ã¼ber Merkels hohe kriminelle Energie. Verhindern sie es in FR ğŸ˜œ	offense	insult	none
Der kann nicht anders schreiben - seit 24 h. Hab mir seinen Acc. angesehen, der hat fast alle Follower aus D belegt. Bei den Amis zieht er den Schwanz ein - ach ja, ist eine sieğŸ˜€	offense	insult	none
Wenn ich nachdenke,ist es schon erniedrigend im Lobbyisten.Babel Deutschland unter FÃ¼hrung der Finger kauenden Marionette leben zu mÃ¼ssenğŸ˜œ	offense	insult	none
Was ist das denn fÃ¼r eine, die Blonde mit Harry Potter Brille? Umso eher die AFD an die Macht kommt umso besser fÃ¼r Deutschland und deutsche BÃ¼rger. #illner	offense	insult	sexism
Selbstmordanschlag in Manchester, alle Medien geilen sich fÃ¶rmlich daran auf, ohne Ursachen zu erwÃ¤hnen.	offense	profanity	none
Sigmar Dumpfbacke Gabriel gefÃ¤llt mir richtig gut ğŸ¤¡	offense	insult	none
Bundeskanzler #Kurz wird sicherlich nicht noch einmal bei Maischberger sitzen. Bei einer Frau ohne Anstand keinerlei Erziehung und Achtung vor Andersdenkende. Eine Heuchelnde AnhÃ¤ngerin der Diktatur das ist Frau Maischberger. #maischberger	offense	insult	sexism
